panorama_id,cam_index,yaw_index,histogram_peaks,kl_divergence,person,bicycle,car,motorbike,aeroplane,bus,train,truck,boat,traffic light,fire hydrant,stop sign,parking meter,bench,bird,cat,dog,horse,sheep,cow,elephant,bear,zebra,giraffe,backpack,umbrella,handbag,tie,suitcase,frisbee,skis,snowboard,sports ball,kite,baseball bat,baseball glove,skateboard,surfboard,tennis racket,bottle,wine glass,cup,fork,knife,spoon,bowl,banana,apple,sandwich,orange,broccoli,carrot,hot dog,pizza,donut,cake,chair,sofa,pottedplant,bed,diningtable,toilet,tvmonitor,laptop,mouse,remote,keyboard,cell phone,microwave,oven,toaster,sink,refrigerator,book,clock,vase,scissors,teddy bear,hair drier,toothbrush,total_prob,object_detected
0f37bd0737e349de9d536263a4bdd60d,1,1,4,27.73127989910796,0.0,0,0,0,0,0,0,0,0,0,0,0,0,0.0,0,0,0,0,0,0,0,0,0,0,0,0.0,0,0.0,0,0,0,0,0,0,0,0,0,0,0,0.0,0,0.0,0.0,0.0,0,0.0,0,0,0,0,0,0,0,0,0,0,0.0,0.0,0.0,0.0,0.0,0.0,0.0,0.0,0,0.0,0.0,0.0,0,0.0,0,0.0,0.0,0,0.0,0.0,0.0,0,0,0,0.0,no_object
08115b08da534f1aafff2fa81fc73512,0,0,4,51.41139519454839,0.0,0,0,0,0,0,0,0,0,0,0,0,0,0.0,0,0,0,0,0,0,0,0,0,0,0,0.0,0,0.0,0,0,0,0,0,0,0,0,0,0,0,0.0,0,0.0,0.0,0.0,0,0.0,0,0,0,0,0,0,0,0,0,0,0.0,0.0,0.0,0.0,0.0,0.0,0.0,0.0,0,0.0,0.0,0.0,0,0.0,0,0.0,0.0,0,0.0,0.0,0.0,0,0,0,0.0,no_object
701f7128272a4bb2acd9dbd89b5cdf6f,0,3,5,37.74856803542858,0.0,0,0,0,0,0,0,0,0,0,0,0,0,0.0,0,0,0,0,0,0,0,0,0,0,0,0.0,0,0.0,0,0,0,0,0,0,0,0,0,0,0,0.0,0,0.0,0.0,0.0,0,0.0,0,0,0,0,0,0,0,0,0,0,0.0,0.0,0.0,0.0,0.0,0.0,0.0,0.0,0,0.0,0.0,0.0,0,0.0,0,0.0,0.0,0,0.0,0.0,0.0,0,0,0,0.0,no_object
e693b5de8ad84d4cb61a79ece2e66d11,1,4,1,79.48220273327648,0.0,0,0,0,0,0,0,0,0,0,0,0,0,0.0,0,0,0,0,0,0,0,0,0,0,0,0.0,0,0.0,0,0,0,0,0,0,0,0,0,0,0,0.0,0,0.0,0.0,0.0,0,0.0,0,0,0,0,0,0,0,0,0,0,0.0,0.0,0.0,0.0,0.0,0.0,0.0,0.0,0,0.0,0.0,0.0,0,0.0,0,0.0,0.0,0,0.0,0.0,0.0,0,0,0,0.0,no_object
c341c46acf7044d1a712d622cbc94a27,1,3,3,42.050555854751266,0.0,0,0,0,0,0,0,0,0,0,0,0,0,0.0,0,0,0,0,0,0,0,0,0,0,0,0.0,0,0.0,0,0,0,0,0,0,0,0,0,0,0,0.0,0,0.0,0.0,0.0,0,0.0,0,0,0,0,0,0,0,0,0,0,0.0,0.0,0.0,0.0,0.0,0.0,0.0,0.0,0,0.0,0.0,0.0,0,0.0,0,0.0,0.0,0,0.0,0.0,0.0,0,0,0,0.0,no_object
e693b5de8ad84d4cb61a79ece2e66d11,1,5,3,72.03545912747748,0.0,0,0,0,0,0,0,0,0,0,0,0,0,0.0,0,0,0,0,0,0,0,0,0,0,0,0.0,0,0.0,0,0,0,0,0,0,0,0,0,0,0,0.0,0,0.0,0.0,0.0,0,0.0,0,0,0,0,0,0,0,0,0,0,0.0,0.0,0.0,0.0,0.0,0.0,0.0,0.0,0,0.0,0.0,0.0,0,0.0,0,0.0,0.0,0,0.0,0.0,0.0,0,0,0,0.0,no_object
85c23efeaecd4d43a7dcd5b90137179e,2,1,5,99.66340550111306,0.0,0,0,0,0,0,0,0,0,0,0,0,0,0.0,0,0,0,0,0,0,0,0,0,0,0,0.0,0,0.0,0,0,0,0,0,0,0,0,0,0,0,0.0,0,0.0,0.0,0.0,0,0.0,0,0,0,0,0,0,0,0,0,0,0.0,0.0,0.0,0.0,0.0,0.0,0.0,0.0,0,0.0,0.0,0.0,0,0.0,0,0.0,0.0,0,0.0,0.0,0.0,0,0,0,0.0,no_object
db145474a5fa476d95c2cc7f09e7c83a,0,2,5,58.34604795055995,0.0,0,0,0,0,0,0,0,0,0,0,0,0,0.0,0,0,0,0,0,0,0,0,0,0,0,0.0,0,0.0,0,0,0,0,0,0,0,0,0,0,0,0.0,0,0.0,0.0,0.0,0,0.0,0,0,0,0,0,0,0,0,0,0,0.0,0.0,0.0,0.0,0.0,0.0,0.0,0.0,0,0.0,0.0,0.0,0,0.0,0,0.0,0.0,0,0.0,0.0,0.0,0,0,0,0.0,no_object
e693b5de8ad84d4cb61a79ece2e66d11,0,4,3,74.94103228934615,0.0,0,0,0,0,0,0,0,0,0,0,0,0,0.0,0,0,0,0,0,0,0,0,0,0,0,0.0,0,0.0,0,0,0,0,0,0,0,0,0,0,0,0.0,0,0.0,0.0,0.0,0,0.0,0,0,0,0,0,0,0,0,0,0,0.0,0.0,0.0,0.0,0.0,0.0,0.0,0.0,0,0.0,0.0,0.0,0,0.0,0,0.0,0.0,0,0.0,0.0,0.0,0,0,0,0.0,no_object
194bef4cbba641dc9860ba7f43a0c16a,2,5,5,103.71720841440623,0.0,0,0,0,0,0,0,0,0,0,0,0,0,0.0,0,0,0,0,0,0,0,0,0,0,0,0.0,0,0.0,0,0,0,0,0,0,0,0,0,0,0,0.0,0,0.0,0.0,0.0,0,0.0,0,0,0,0,0,0,0,0,0,0,0.0,0.0,0.0,0.0,0.0,0.0,0.0,0.0,0,0.0,0.0,0.0,0,0.0,0,0.0,0.0,0,0.0,0.0,0.0,0,0,0,0.0,no_object
e693b5de8ad84d4cb61a79ece2e66d11,2,5,5,69.34420801438719,0.0,0,0,0,0,0,0,0,0,0,0,0,0,0.0,0,0,0,0,0,0,0,0,0,0,0,0.0,0,0.0,0,0,0,0,0,0,0,0,0,0,0,0.0,0,0.0,0.0,0.0,0,0.0,0,0,0,0,0,0,0,0,0,0,0.0,0.0,0.0,0.0,0.0,0.0,0.0,0.0,0,0.0,0.0,0.0,0,0.0,0,0.0,0.0,0,0.0,0.0,0.0,0,0,0,0.0,no_object
b2e9278f9b8f4661abcb0446d2cbb98e,1,1,4,41.29221763071516,0.0,0,0,0,0,0,0,0,0,0,0,0,0,0.0,0,0,0,0,0,0,0,0,0,0,0,0.0,0,0.0,0,0,0,0,0,0,0,0,0,0,0,0.0,0,0.0,0.0,0.0,0,0.0,0,0,0,0,0,0,0,0,0,0,0.0,0.0,0.0,0.0,0.0,0.0,0.0,0.0,0,0.0,0.0,0.0,0,0.0,0,0.0,0.0,0,0.0,0.0,0.0,0,0,0,0.0,no_object
e693b5de8ad84d4cb61a79ece2e66d11,2,4,4,75.40906956053296,0.0,0,0,0,0,0,0,0,0,0,0,0,0,0.0,0,0,0,0,0,0,0,0,0,0,0,0.0,0,0.0,0,0,0,0,0,0,0,0,0,0,0,0.0,0,0.0,0.0,0.0,0,0.0,0,0,0,0,0,0,0,0,0,0,0.0,0.0,0.0,0.0,0.0,0.0,0.0,0.0,0,0.0,0.0,0.0,0,0.0,0,0.0,0.0,0,0.0,0.0,0.0,0,0,0,0.0,no_object
da5fa65c13e643719a20cbb818c9a85d,0,4,4,50.525354156597146,0.0,0,0,0,0,0,0,0,0,0,0,0,0,0.0,0,0,0,0,0,0,0,0,0,0,0,0.0,0,0.0,0,0,0,0,0,0,0,0,0,0,0,0.0,0,0.0,0.0,0.0,0,0.0,0,0,0,0,0,0,0,0,0,0,0.0,0.0,0.0,0.0,0.0,0.0,0.0,0.0,0,0.0,0.0,0.0,0,0.0,0,0.0,0.0,0,0.0,0.0,0.0,0,0,0,0.0,no_object
701f7128272a4bb2acd9dbd89b5cdf6f,1,3,2,34.46263085124657,0.0,0,0,0,0,0,0,0,0,0,0,0,0,0.0,0,0,0,0,0,0,0,0,0,0,0,0.0,0,0.0,0,0,0,0,0,0,0,0,0,0,0,0.0,0,0.0,0.0,0.0,0,0.0,0,0,0,0,0,0,0,0,0,0,0.0,0.0,0.0,0.0,0.0,0.0,0.0,0.0,0,0.0,0.0,0.0,0,0.0,0,0.0,0.0,0,0.0,0.0,0.0,0,0,0,0.0,no_object
8345f786b7cb4e1eb6c63e2b87ddcabb,1,1,4,38.39391132643829,0.0,0,0,0,0,0,0,0,0,0,0,0,0,0.0,0,0,0,0,0,0,0,0,0,0,0,0.0,0,0.0,0,0,0,0,0,0,0,0,0,0,0,0.0,0,0.0,0.0,0.0,0,0.0,0,0,0,0,0,0,0,0,0,0,0.0,0.0,0.0,0.0,0.0,0.0,0.0,0.0,0,0.0,0.0,0.0,0,0.0,0,0.0,0.0,0,0.0,0.0,0.0,0,0,0,0.0,no_object
8345f786b7cb4e1eb6c63e2b87ddcabb,1,0,4,73.16781100272026,0.0,0,0,0,0,0,0,0,0,0,0,0,0,0.0,0,0,0,0,0,0,0,0,0,0,0,0.0,0,0.0,0,0,0,0,0,0,0,0,0,0,0,0.0,0,0.0,0.0,0.0,0,0.0,0,0,0,0,0,0,0,0,0,0,0.0,0.0,0.0,0.0,0.0,0.0,0.0,0.0,0,0.0,0.0,0.0,0,0.0,0,0.0,0.0,0,0.0,0.0,0.0,0,0,0,0.0,no_object
0f37bd0737e349de9d536263a4bdd60d,0,5,2,35.20838342644649,0.0,0,0,0,0,0,0,0,0,0,0,0,0,0.0,0,0,0,0,0,0,0,0,0,0,0,0.0,0,0.0,0,0,0,0,0,0,0,0,0,0,0,0.0,0,0.0,0.0,0.0,0,0.0,0,0,0,0,0,0,0,0,0,0,0.0,0.0,0.0,0.0,0.0,0.0,0.0,0.0,0,0.0,0.0,0.0,0,0.0,0,0.0,0.0,0,0.0,0.0,0.0,0,0,0,0.0,no_object
db145474a5fa476d95c2cc7f09e7c83a,1,3,5,50.10644184958217,0.0,0,0,0,0,0,0,0,0,0,0,0,0,0.0,0,0,0,0,0,0,0,0,0,0,0,0.0,0,0.0,0,0,0,0,0,0,0,0,0,0,0,0.0,0,0.0,0.0,0.0,0,0.0,0,0,0,0,0,0,0,0,0,0,0.0,0.0,0.0,0.0,0.0,0.0,0.0,0.0,0,0.0,0.0,0.0,0,0.0,0,0.0,0.0,0,0.0,0.0,0.0,0,0,0,0.0,no_object
194bef4cbba641dc9860ba7f43a0c16a,2,1,5,133.5175935824838,0.0,0,0,0,0,0,0,0,0,0,0,0,0,0.0,0,0,0,0,0,0,0,0,0,0,0,0.0,0,0.0,0,0,0,0,0,0,0,0,0,0,0,0.0,0,0.0,0.0,0.0,0,0.0,0,0,0,0,0,0,0,0,0,0,0.0,0.0,0.0,0.0,0.0,0.0,0.0,0.0,0,0.0,0.0,0.0,0,0.0,0,0.0,0.0,0,0.0,0.0,0.0,0,0,0,0.0,no_object
77a1a11978b04e9cbf74914c98578ab8,1,2,5,45.63310465718385,0.0,0,0,0,0,0,0,0,0,0,0,0,0,0.0,0,0,0,0,0,0,0,0,0,0,0,0.0,0,0.0,0,0,0,0,0,0,0,0,0,0,0,0.0,0,0.0,0.0,0.0,0,0.0,0,0,0,0,0,0,0,0,0,0,0.0,0.0,0.0,0.0,0.0,0.0,0.0,0.0,0,0.0,0.0,0.0,0,0.0,0,0.0,0.0,0,0.0,0.0,0.0,0,0,0,0.0,no_object
85c23efeaecd4d43a7dcd5b90137179e,1,1,1,88.99004283961702,0.0,0,0,0,0,0,0,0,0,0,0,0,0,0.0,0,0,0,0,0,0,0,0,0,0,0,0.0,0,0.0,0,0,0,0,0,0,0,0,0,0,0,0.0,0,0.0,0.0,0.0,0,0.0,0,0,0,0,0,0,0,0,0,0,0.0,0.0,0.0,0.0,0.0,0.0,0.0,0.0,0,0.0,0.0,0.0,0,0.0,0,0.0,0.0,0,0.0,0.0,0.0,0,0,0,0.0,no_object
da5fa65c13e643719a20cbb818c9a85d,0,2,4,42.111740816931174,0.0,0,0,0,0,0,0,0,0,0,0,0,0,0.0,0,0,0,0,0,0,0,0,0,0,0,0.0,0,0.0,0,0,0,0,0,0,0,0,0,0,0,0.0,0,0.0,0.0,0.0,0,0.0,0,0,0,0,0,0,0,0,0,0,0.0,0.0,0.0,0.0,0.0,0.0,0.0,0.0,0,0.0,0.0,0.0,0,0.0,0,0.0,0.0,0,0.0,0.0,0.0,0,0,0,0.0,no_object
0e92a69a50414253a23043758f111cec,0,5,2,38.191327051348125,0.0,0,0,0,0,0,0,0,0,0,0,0,0,0.0,0,0,0,0,0,0,0,0,0,0,0,0.0,0,0.0,0,0,0,0,0,0,0,0,0,0,0,0.0,0,0.0,0.0,0.0,0,0.0,0,0,0,0,0,0,0,0,0,0,0.0,0.0,0.0,0.0,0.0,0.0,0.0,0.0,0,0.0,0.0,0.0,0,0.0,0,0.0,0.0,0,0.0,0.0,0.0,0,0,0,0.0,no_object
5efaa5e4a30e481f9dadc1bac5e56a21,1,0,4,77.10124494070746,0.0,0,0,0,0,0,0,0,0,0,0,0,0,0.0,0,0,0,0,0,0,0,0,0,0,0,0.0,0,0.0,0,0,0,0,0,0,0,0,0,0,0,0.0,0,0.0,0.0,0.0,0,0.0,0,0,0,0,0,0,0,0,0,0,0.0,0.0,0.0,0.0,0.0,0.0,0.0,0.0,0,0.0,0.0,0.0,0,0.0,0,0.0,0.0,0,0.0,0.0,0.0,0,0,0,0.0,no_object
e0ce09f0178c48e2bbe649d2bf659702,2,4,5,34.01404580164589,0.0,0,0,0,0,0,0,0,0,0,0,0,0,0.0,0,0,0,0,0,0,0,0,0,0,0,0.0,0,0.0,0,0,0,0,0,0,0,0,0,0,0,0.0,0,0.0,0.0,0.0,0,0.0,0,0,0,0,0,0,0,0,0,0,0.0,0.0,0.0,0.0,0.0,0.0,0.0,0.0,0,0.0,0.0,0.0,0,0.0,0,0.0,0.0,0,0.0,0.0,0.0,0,0,0,0.0,no_object
d160d2229e4148839ef3a43dbc0ecdc4,0,0,5,33.40199744731753,0.0,0,0,0,0,0,0,0,0,0,0,0,0,0.0,0,0,0,0,0,0,0,0,0,0,0,0.0,0,0.0,0,0,0,0,0,0,0,0,0,0,0,0.0,0,0.0,0.0,0.0,0,0.0,0,0,0,0,0,0,0,0,0,0,0.0,0.0,0.0,0.0,0.0,0.0,0.0,0.0,0,0.0,0.0,0.0,0,0.0,0,0.0,0.0,0,0.0,0.0,0.0,0,0,0,0.0,no_object
c429b363fd3145fe8a7631bbe9644066,2,1,2,37.31118780876014,0.0,0,0,0,0,0,0,0,0,0,0,0,0,0.0,0,0,0,0,0,0,0,0,0,0,0,0.0,0,0.0,0,0,0,0,0,0,0,0,0,0,0,0.0,0,0.0,0.0,0.0,0,0.0,0,0,0,0,0,0,0,0,0,0,0.0,0.0,0.0,0.0,0.0,0.0,0.0,0.0,0,0.0,0.0,0.0,0,0.0,0,0.0,0.0,0,0.0,0.0,0.0,0,0,0,0.0,no_object
5b9b2794954e4694a45fc424a8643081,0,3,5,99.15049202093996,0.0,0,0,0,0,0,0,0,0,0,0,0,0,0.0,0,0,0,0,0,0,0,0,0,0,0,0.0,0,0.0,0,0,0,0,0,0,0,0,0,0,0,0.0,0,0.0,0.0,0.0,0,0.0,0,0,0,0,0,0,0,0,0,0,0.0,0.0,0.0,0.0,0.0,0.0,0.0,0.0,0,0.0,0.0,0.0,0,0.0,0,0.0,0.0,0,0.0,0.0,0.0,0,0,0,0.0,no_object
df211c2c55f94b87a717ce1469577456,0,5,4,87.4959139069332,0.0,0,0,0,0,0,0,0,0,0,0,0,0,0.0,0,0,0,0,0,0,0,0,0,0,0,0.0,0,0.0,0,0,0,0,0,0,0,0,0,0,0,0.0,0,0.0,0.0,0.0,0,0.0,0,0,0,0,0,0,0,0,0,0,0.0,0.0,0.0,0.0,0.0,0.0,0.0,0.0,0,0.0,0.0,0.0,0,0.0,0,0.0,0.0,0,0.0,0.0,0.0,0,0,0,0.0,no_object
8ccf449f599a4cd88648e1d0ff39fdd0,1,4,1,46.04340725116176,0.0,0,0,0,0,0,0,0,0,0,0,0,0,0.0,0,0,0,0,0,0,0,0,0,0,0,0.0,0,0.0,0,0,0,0,0,0,0,0,0,0,0,0.0,0,0.0,0.0,0.0,0,0.0,0,0,0,0,0,0,0,0,0,0,0.0,0.0,0.0,0.0,0.0,0.0,0.0,0.0,0,0.0,0.0,0.0,0,0.0,0,0.0,0.0,0,0.0,0.0,0.0,0,0,0,0.0,no_object
00ebbf3782c64d74aaf7dd39cd561175,0,4,4,50.79747318952566,0.0,0,0,0,0,0,0,0,0,0,0,0,0,0.0,0,0,0,0,0,0,0,0,0,0,0,0.0,0,0.0,0,0,0,0,0,0,0,0,0,0,0,0.0,0,0.0,0.0,0.0,0,0.0,0,0,0,0,0,0,0,0,0,0,0.0,0.0,0.0,0.0,0.0,0.0,0.0,0.0,0,0.0,0.0,0.0,0,0.0,0,0.0,0.0,0,0.0,0.0,0.0,0,0,0,0.0,no_object
3577de361e1a46b1be544d37731bfde6,0,4,4,70.1069797740238,0.0,0,0,0,0,0,0,0,0,0,0,0,0,0.0,0,0,0,0,0,0,0,0,0,0,0,0.0,0,0.0,0,0,0,0,0,0,0,0,0,0,0,0.0,0,0.0,0.0,0.0,0,0.0,0,0,0,0,0,0,0,0,0,0,0.0,0.0,0.0,0.0,0.0,0.0,0.0,0.0,0,0.0,0.0,0.0,0,0.0,0,0.0,0.0,0,0.0,0.0,0.0,0,0,0,0.0,no_object
c429b363fd3145fe8a7631bbe9644066,0,1,4,44.13799228029008,0.0,0,0,0,0,0,0,0,0,0,0,0,0,0.0,0,0,0,0,0,0,0,0,0,0,0,0.0,0,0.0,0,0,0,0,0,0,0,0,0,0,0,0.0,0,0.0,0.0,0.0,0,0.0,0,0,0,0,0,0,0,0,0,0,0.0,0.0,0.0,0.0,0.0,0.0,0.0,0.0,0,0.0,0.0,0.0,0,0.0,0,0.0,0.0,0,0.0,0.0,0.0,0,0,0,0.0,no_object
d65b6505904448d1940e679c9a098047,1,2,1,38.0195866895878,0.0,0,0,0,0,0,0,0,0,0,0,0,0,0.0,0,0,0,0,0,0,0,0,0,0,0,0.0,0,0.0,0,0,0,0,0,0,0,0,0,0,0,0.0,0,0.0,0.0,0.0,0,0.0,0,0,0,0,0,0,0,0,0,0,0.0,0.0,0.0,0.0,0.0,0.0,0.0,0.0,0,0.0,0.0,0.0,0,0.0,0,0.0,0.0,0,0.0,0.0,0.0,0,0,0,0.0,no_object
28db29e8c72c4a68bfdf5bb2b454443d,0,1,5,47.12561993191195,0.0,0,0,0,0,0,0,0,0,0,0,0,0,0.0,0,0,0,0,0,0,0,0,0,0,0,0.0,0,0.0,0,0,0,0,0,0,0,0,0,0,0,0.0,0,0.0,0.0,0.0,0,0.0,0,0,0,0,0,0,0,0,0,0,0.0,0.0,0.0,0.0,0.0,0.0,0.0,0.0,0,0.0,0.0,0.0,0,0.0,0,0.0,0.0,0,0.0,0.0,0.0,0,0,0,0.0,no_object
558ba0761bf24428b9cf91e60333ea25,1,4,5,62.85295190029166,0.0,0,0,0,0,0,0,0,0,0,0,0,0,0.0,0,0,0,0,0,0,0,0,0,0,0,0.0,0,0.0,0,0,0,0,0,0,0,0,0,0,0,0.0,0,0.0,0.0,0.0,0,0.0,0,0,0,0,0,0,0,0,0,0,0.0,0.0,0.0,0.0,0.0,0.0,0.0,0.0,0,0.0,0.0,0.0,0,0.0,0,0.0,0.0,0,0.0,0.0,0.0,0,0,0,0.0,no_object
3577de361e1a46b1be544d37731bfde6,0,2,5,59.92368221316036,0.0,0,0,0,0,0,0,0,0,0,0,0,0,0.0,0,0,0,0,0,0,0,0,0,0,0,0.0,0,0.0,0,0,0,0,0,0,0,0,0,0,0,0.0,0,0.0,0.0,0.0,0,0.0,0,0,0,0,0,0,0,0,0,0,0.0,0.0,0.0,0.0,0.0,0.0,0.0,0.0,0,0.0,0.0,0.0,0,0.0,0,0.0,0.0,0,0.0,0.0,0.0,0,0,0,0.0,no_object
3577de361e1a46b1be544d37731bfde6,0,3,2,41.60002738627459,0.0,0,0,0,0,0,0,0,0,0,0,0,0,0.0,0,0,0,0,0,0,0,0,0,0,0,0.0,0,0.0,0,0,0,0,0,0,0,0,0,0,0,0.0,0,0.0,0.0,0.0,0,0.0,0,0,0,0,0,0,0,0,0,0,0.0,0.0,0.0,0.0,0.0,0.0,0.0,0.0,0,0.0,0.0,0.0,0,0.0,0,0.0,0.0,0,0.0,0.0,0.0,0,0,0,0.0,no_object
cb6a9786e4ff47f79a11b024c36ef7c0,0,0,5,65.08877506294017,0.0,0,0,0,0,0,0,0,0,0,0,0,0,0.0,0,0,0,0,0,0,0,0,0,0,0,0.0,0,0.0,0,0,0,0,0,0,0,0,0,0,0,0.0,0,0.0,0.0,0.0,0,0.0,0,0,0,0,0,0,0,0,0,0,0.0,0.0,0.0,0.0,0.0,0.0,0.0,0.0,0,0.0,0.0,0.0,0,0.0,0,0.0,0.0,0,0.0,0.0,0.0,0,0,0,0.0,no_object
d65b6505904448d1940e679c9a098047,1,0,5,100.93034970935497,0.0,0,0,0,0,0,0,0,0,0,0,0,0,0.0,0,0,0,0,0,0,0,0,0,0,0,0.0,0,0.0,0,0,0,0,0,0,0,0,0,0,0,0.0,0,0.0,0.0,0.0,0,0.0,0,0,0,0,0,0,0,0,0,0,0.0,0.0,0.0,0.0,0.0,0.0,0.0,0.0,0,0.0,0.0,0.0,0,0.0,0,0.0,0.0,0,0.0,0.0,0.0,0,0,0,0.0,no_object
00ebbf3782c64d74aaf7dd39cd561175,1,4,4,63.7028882898241,0.0,0,0,0,0,0,0,0,0,0,0,0,0,0.0,0,0,0,0,0,0,0,0,0,0,0,0.0,0,0.0,0,0,0,0,0,0,0,0,0,0,0,0.0,0,0.0,0.0,0.0,0,0.0,0,0,0,0,0,0,0,0,0,0,0.0,0.0,0.0,0.0,0.0,0.0,0.0,0.0,0,0.0,0.0,0.0,0,0.0,0,0.0,0.0,0,0.0,0.0,0.0,0,0,0,0.0,no_object
3577de361e1a46b1be544d37731bfde6,1,4,4,28.314541897763746,0.0,0,0,0,0,0,0,0,0,0,0,0,0,0.0,0,0,0,0,0,0,0,0,0,0,0,0.0,0,0.0,0,0,0,0,0,0,0,0,0,0,0,0.0,0,0.0,0.0,0.0,0,0.0,0,0,0,0,0,0,0,0,0,0,0.0,0.0,0.0,0.0,0.0,0.0,0.0,0.0,0,0.0,0.0,0.0,0,0.0,0,0.0,0.0,0,0.0,0.0,0.0,0,0,0,0.0,no_object
d160d2229e4148839ef3a43dbc0ecdc4,1,3,4,57.521325721366374,0.0,0,0,0,0,0,0,0,0,0,0,0,0,0.0,0,0,0,0,0,0,0,0,0,0,0,0.0,0,0.0,0,0,0,0,0,0,0,0,0,0,0,0.0,0,0.0,0.0,0.0,0,0.0,0,0,0,0,0,0,0,0,0,0,0.0,0.0,0.0,0.0,0.0,0.0,0.0,0.0,0,0.0,0.0,0.0,0,0.0,0,0.0,0.0,0,0.0,0.0,0.0,0,0,0,0.0,no_object
e0ce09f0178c48e2bbe649d2bf659702,1,4,3,28.830267132964963,0.0,0,0,0,0,0,0,0,0,0,0,0,0,0.0,0,0,0,0,0,0,0,0,0,0,0,0.0,0,0.0,0,0,0,0,0,0,0,0,0,0,0,0.0,0,0.0,0.0,0.0,0,0.0,0,0,0,0,0,0,0,0,0,0,0.0,0.0,0.0,0.0,0.0,0.0,0.0,0.0,0,0.0,0.0,0.0,0,0.0,0,0.0,0.0,0,0.0,0.0,0.0,0,0,0,0.0,no_object
c429b363fd3145fe8a7631bbe9644066,1,1,1,34.488824440178135,0.0,0,0,0,0,0,0,0,0,0,0,0,0,0.0,0,0,0,0,0,0,0,0,0,0,0,0.0,0,0.0,0,0,0,0,0,0,0,0,0,0,0,0.0,0,0.0,0.0,0.0,0,0.0,0,0,0,0,0,0,0,0,0,0,0.0,0.0,0.0,0.0,0.0,0.0,0.0,0.0,0,0.0,0.0,0.0,0,0.0,0,0.0,0.0,0,0.0,0.0,0.0,0,0,0,0.0,no_object
5b9b2794954e4694a45fc424a8643081,1,3,2,84.77969416233151,0.0,0,0,0,0,0,0,0,0,0,0,0,0,0.0,0,0,0,0,0,0,0,0,0,0,0,0.0,0,0.0,0,0,0,0,0,0,0,0,0,0,0,0.0,0,0.0,0.0,0.0,0,0.0,0,0,0,0,0,0,0,0,0,0,0.0,0.0,0.0,0.0,0.0,0.0,0.0,0.0,0,0.0,0.0,0.0,0,0.0,0,0.0,0.0,0,0.0,0.0,0.0,0,0,0,0.0,no_object
352a92fb1f6d4b71b3aafcc74e196234,0,5,5,59.40779771136512,0.0,0,0,0,0,0,0,0,0,0,0,0,0,0.0,0,0,0,0,0,0,0,0,0,0,0,0.0,0,0.0,0,0,0,0,0,0,0,0,0,0,0,0.0,0,0.0,0.0,0.0,0,0.0,0,0,0,0,0,0,0,0,0,0,0.0,0.0,0.0,0.0,0.0,0.0,0.0,0.0,0,0.0,0.0,0.0,0,0.0,0,0.0,0.0,0,0.0,0.0,0.0,0,0,0,0.0,no_object
df211c2c55f94b87a717ce1469577456,1,4,3,52.35430549805839,0.0,0,0,0,0,0,0,0,0,0,0,0,0,0.0,0,0,0,0,0,0,0,0,0,0,0,0.0,0,0.0,0,0,0,0,0,0,0,0,0,0,0,0.0,0,0.0,0.0,0.0,0,0.0,0,0,0,0,0,0,0,0,0,0,0.0,0.0,0.0,0.0,0.0,0.0,0.0,0.0,0,0.0,0.0,0.0,0,0.0,0,0.0,0.0,0,0.0,0.0,0.0,0,0,0,0.0,no_object
cb6a9786e4ff47f79a11b024c36ef7c0,1,4,4,27.05341204900711,0.0,0,0,0,0,0,0,0,0,0,0,0,0,0.0,0,0,0,0,0,0,0,0,0,0,0,0.0,0,0.0,0,0,0,0,0,0,0,0,0,0,0,0.0,0,0.0,0.0,0.0,0,0.0,0,0,0,0,0,0,0,0,0,0,0.0,0.0,0.0,0.0,0.0,0.0,0.0,0.0,0,0.0,0.0,0.0,0,0.0,0,0.0,0.0,0,0.0,0.0,0.0,0,0,0,0.0,no_object
c8112f69d34d476fbb29e6b3909deba2,0,5,4,34.304105507346094,0.0,0,0,0,0,0,0,0,0,0,0,0,0,0.0,0,0,0,0,0,0,0,0,0,0,0,0.0,0,0.0,0,0,0,0,0,0,0,0,0,0,0,0.0,0,0.0,0.0,0.0,0,0.0,0,0,0,0,0,0,0,0,0,0,0.0,0.0,0.0,0.0,0.0,0.0,0.0,0.0,0,0.0,0.0,0.0,0,0.0,0,0.0,0.0,0,0.0,0.0,0.0,0,0,0,0.0,no_object
c8112f69d34d476fbb29e6b3909deba2,0,1,5,35.520031089945135,0.0,0,0,0,0,0,0,0,0,0,0,0,0,0.0,0,0,0,0,0,0,0,0,0,0,0,0.0,0,0.0,0,0,0,0,0,0,0,0,0,0,0,0.0,0,0.0,0.0,0.0,0,0.0,0,0,0,0,0,0,0,0,0,0,0.0,0.0,0.0,0.0,0.0,0.0,0.0,0.0,0,0.0,0.0,0.0,0,0.0,0,0.0,0.0,0,0.0,0.0,0.0,0,0,0,0.0,no_object
d160d2229e4148839ef3a43dbc0ecdc4,1,4,1,35.43059281567999,0.0,0,0,0,0,0,0,0,0,0,0,0,0,0.0,0,0,0,0,0,0,0,0,0,0,0,0.0,0,0.0,0,0,0,0,0,0,0,0,0,0,0,0.0,0,0.0,0.0,0.0,0,0.0,0,0,0,0,0,0,0,0,0,0,0.0,0.0,0.0,0.0,0.0,0.0,0.0,0.0,0,0.0,0.0,0.0,0,0.0,0,0.0,0.0,0,0.0,0.0,0.0,0,0,0,0.0,no_object
3577de361e1a46b1be544d37731bfde6,1,3,3,54.325211346638184,0.0,0,0,0,0,0,0,0,0,0,0,0,0,0.0,0,0,0,0,0,0,0,0,0,0,0,0.0,0,0.0,0,0,0,0,0,0,0,0,0,0,0,0.0,0,0.0,0.0,0.0,0,0.0,0,0,0,0,0,0,0,0,0,0,0.0,0.0,0.0,0.0,0.0,0.0,0.0,0.0,0,0.0,0.0,0.0,0,0.0,0,0.0,0.0,0,0.0,0.0,0.0,0,0,0,0.0,no_object
28db29e8c72c4a68bfdf5bb2b454443d,1,0,3,61.4161869121717,0.0,0,0,0,0,0,0,0,0,0,0,0,0,0.0,0,0,0,0,0,0,0,0,0,0,0,0.0,0,0.0,0,0,0,0,0,0,0,0,0,0,0,0.0,0,0.0,0.0,0.0,0,0.0,0,0,0,0,0,0,0,0,0,0,0.0,0.0,0.0,0.0,0.0,0.0,0.0,0.0,0,0.0,0.0,0.0,0,0.0,0,0.0,0.0,0,0.0,0.0,0.0,0,0,0,0.0,no_object
c8112f69d34d476fbb29e6b3909deba2,0,2,5,44.9907533661722,0.0,0,0,0,0,0,0,0,0,0,0,0,0,0.0,0,0,0,0,0,0,0,0,0,0,0,0.0,0,0.0,0,0,0,0,0,0,0,0,0,0,0,0.0,0,0.0,0.0,0.0,0,0.0,0,0,0,0,0,0,0,0,0,0,0.0,0.0,0.0,0.0,0.0,0.0,0.0,0.0,0,0.0,0.0,0.0,0,0.0,0,0.0,0.0,0,0.0,0.0,0.0,0,0,0,0.0,no_object
28db29e8c72c4a68bfdf5bb2b454443d,1,1,3,80.78478014547812,0.0,0,0,0,0,0,0,0,0,0,0,0,0,0.0,0,0,0,0,0,0,0,0,0,0,0,0.0,0,0.0,0,0,0,0,0,0,0,0,0,0,0,0.0,0,0.0,0.0,0.0,0,0.0,0,0,0,0,0,0,0,0,0,0,0.0,0.0,0.0,0.0,0.0,0.0,0.0,0.0,0,0.0,0.0,0.0,0,0.0,0,0.0,0.0,0,0.0,0.0,0.0,0,0,0,0.0,no_object
cb6a9786e4ff47f79a11b024c36ef7c0,1,3,4,84.49661939085796,0.0,0,0,0,0,0,0,0,0,0,0,0,0,0.0,0,0,0,0,0,0,0,0,0,0,0,0.0,0,0.0,0,0,0,0,0,0,0,0,0,0,0,0.0,0,0.0,0.0,0.0,0,0.0,0,0,0,0,0,0,0,0,0,0,0.0,0.0,0.0,0.0,0.0,0.0,0.0,0.0,0,0.0,0.0,0.0,0,0.0,0,0.0,0.0,0,0.0,0.0,0.0,0,0,0,0.0,no_object
